[
  {
    "id": 1,
    "fullName": "testJenny Chan",
    "address": "3 waterfoot road",
    "phoneNumber": "333-962-7516",
    "email": "jenny.chan@email.com",
    "dow": "Download"
  },
  {
    "id": 2,
    "fullName": "Jessica warren",
    "address": "4 tall town",
    "phoneNumber": "011-211-7516",
    "email": "jessica.warren@email.com",
    "dow": "Download"

  },
  {
    "id": 3,
    "fullName": "Tony Frank",
    "address": "11 lesly road",
    "phoneNumber": "788-962-7516",
    "email": "tony.frank@email.com",
    "dow": "Download"

  },
  {
    "id": 4,
    "fullName": "Jeremy Clark",
    "address": "333 miltown manor",
    "phoneNumber": "011-962-111",
    "email": "jeremy.clark@email.com",
    "dow": "Download"

  },
  {
    "id": 5,
    "fullName": "Raymond Edwards",
    "address": "99 blue acres",
    "phoneNumber": "3231-962-7516",
    "email": "raymon.edwards@email.com",
    "dow": "Download"

  }
]
